"Time (UTCG)","x (km)","y (km)","z (km)"
27 Jun 2040 08:31:45.133,8384.993225,1773.629909,-3787.721345
27 Jun 2040 08:32:45.133,8386.607916,1929.014024,-3709.213835
27 Jun 2040 08:36:07.202,8380.492282,2449.493676,-3439.790806
27 Jun 2040 08:40:55.064,8341.207433,3181.753332,-3043.564852
27 Jun 2040 08:45:41.605,8267.088382,3897.312082,-2636.372590
27 Jun 2040 08:50:28.500,8159.058908,4597.826004,-2217.884833
27 Jun 2040 08:55:17.294,8017.747590,5284.637695,-1787.767348
27 Jun 2040 09:00:08.964,7843.850292,5957.752659,-1346.406913
27 Jun 2040 09:05:03.688,7638.595851,6615.498863,-895.346018
27 Jun 2040 09:10:00.296,7404.548885,7253.674524,-438.167846
27 Jun 2040 09:14:55.029,7147.217279,7863.594812,17.605542
27 Jun 2040 09:18:01.892,6972.425458,8237.668561,306.636896
27 Jun 2040 09:21:07.575,6790.525339,8599.684205,593.485229
27 Jun 2040 09:25:54.468,6494.754319,9140.159787,1035.287481
27 Jun 2040 09:31:16.451,6143.786301,9719.897742,1528.056642
27 Jun 2040 09:37:03.998,5745.386398,10314.669440,2055.063058
27 Jun 2040 09:43:00.579,5318.676045,10892.698770,2589.362142
27 Jun 2040 09:49:08.187,4862.843393,11456.013920,3132.444922
27 Jun 2040 09:55:28.891,4376.732749,12006.349922,3685.845103
27 Jun 2040 10:02:04.771,3858.994988,12545.046074,4251.002434
27 Jun 2040 10:08:57.969,3308.087237,13073.128286,4829.304969
27 Jun 2040 10:16:10.720,2722.285312,13591.349404,5422.102712
27 Jun 2040 10:23:45.365,2099.713468,14100.201268,6030.697123
27 Jun 2040 10:31:51.719,1428.183892,14607.324514,6665.816225
27 Jun 2040 10:40:34.342,702.738329,15112.936888,7330.347089
27 Jun 2040 10:49:57.425,-80.794633,15616.109101,8026.150067
27 Jun 2040 11:00:05.648,-926.903822,16115.670026,8755.139618
27 Jun 2040 11:11:04.236,-1840.396763,16610.175238,9519.268940
27 Jun 2040 11:22:58.895,-2826.224291,17097.792408,10320.373212
27 Jun 2040 11:35:55.826,-3889.407997,17576.276532,11160.116316
27 Jun 2040 11:50:01.622,-5034.807048,18042.895504,12039.822253
27 Jun 2040 12:05:23.228,-6266.980616,18494.437883,12960.402098
27 Jun 2040 12:21:50.379,-7567.172429,18920.183359,13905.876632
27 Jun 2040 12:39:22.330,-8929.594211,19316.033345,14870.910689
27 Jun 2040 12:58:01.055,-10351.992464,19679.638290,15853.041857
27 Jun 2040 13:17:47.731,-11831.042364,20008.745074,16849.257231
27 Jun 2040 13:38:42.738,-13362.482738,20301.333297,17856.138636
27 Jun 2040 14:00:45.388,-14940.931804,20555.667412,18869.786112
27 Jun 2040 14:23:53.504,-16559.569889,20770.355672,19885.670417
27 Jun 2040 14:48:02.722,-18209.572070,20944.426329,20898.354348
27 Jun 2040 15:13:05.327,-19879.130603,21077.447573,21901.006770
27 Jun 2040 15:38:47.815,-21551.277446,21169.711709,22884.277739
27 Jun 2040 16:04:45.156,-23198.594307,21222.604328,23833.525720
27 Jun 2040 16:23:39.588,-24373.758504,21238.270839,24499.423123
27 Jun 2040 16:42:29.396,-25524.123259,21236.425070,25142.486584
27 Jun 2040 17:08:21.877,-27073.469119,21207.901960,25995.276118
27 Jun 2040 17:37:51.859,-28797.398927,21142.159795,26926.779760
27 Jun 2040 18:10:57.170,-30679.787082,21030.826248,27923.690526
27 Jun 2040 18:47:29.266,-32698.530548,20867.001071,28970.107351
27 Jun 2040 19:27:31.356,-34842.653677,20644.110872,30056.525502
27 Jun 2040 20:11:11.236,-37104.747008,20355.751526,31175.523029
27 Jun 2040 20:58:39.711,-39479.100686,19995.557936,32320.649200
27 Jun 2040 21:50:10.033,-41960.871317,19557.103216,33485.906501
27 Jun 2040 22:45:57.218,-44545.232016,19033.894009,34665.272365
27 Jun 2040 23:46:17.903,-47227.023403,18419.349830,35852.493161
28 Jun 2040 00:51:30.177,-50000.400688,17706.815420,37040.892857
28 Jun 2040 02:01:53.497,-52858.557490,16889.584014,38223.230206
28 Jun 2040 03:17:48.716,-55793.524301,15960.917148,39391.595936
28 Jun 2040 04:39:36.931,-58795.245482,14914.334120,40537.043868
28 Jun 2040 06:07:40.564,-61852.124756,13743.468402,41649.822764
28 Jun 2040 07:42:25.221,-64951.750682,12441.698518,42719.593586
28 Jun 2040 09:24:15.513,-68078.233663,11003.169037,43734.460429
28 Jun 2040 11:13:39.323,-71214.251731,9421.929141,44681.675227
28 Jun 2040 13:10:57.619,-74336.025512,7694.533845,45546.154301
28 Jun 2040 15:16:27.455,-77415.530514,5819.588802,46311.484097
28 Jun 2040 17:30:52.010,-80431.712131,3790.342224,46962.411549
28 Jun 2040 19:54:47.673,-83355.043289,1603.006115,47480.453127
28 Jun 2040 22:27:39.405,-86129.937535,-726.406979,47842.659760
29 Jun 2040 01:10:17.647,-88726.289271,-3201.702592,48030.210707
29 Jun 2040 03:53:51.621,-90982.585935,-5678.415464,48026.557206
29 Jun 2040 06:48:04.303,-93008.625599,-8292.657520,47823.532496
29 Jun 2040 09:10:43.709,-94386.504571,-10408.798232,47512.343807
29 Jun 2040 11:37:17.230,-95544.517387,-12554.381441,47062.910559
29 Jun 2040 14:07:20.684,-96464.454240,-14716.231575,46471.770321
29 Jun 2040 16:18:33.235,-97051.408694,-16573.548973,45849.948762
29 Jun 2040 18:33:01.728,-97444.390721,-18441.426307,45114.045269
29 Jun 2040 20:58:55.792,-97633.250833,-20422.916068,44205.624225
29 Jun 2040 23:32:53.134,-97565.047313,-22457.705781,43125.894188
30 Jun 2040 02:37:50.996,-97119.057493,-24817.946506,41667.915567
30 Jun 2040 05:25:35.555,-96368.461603,-26870.166744,40196.937380
30 Jun 2040 08:23:05.019,-95210.939970,-28940.078211,38488.919874
30 Jun 2040 11:19:59.081,-93678.413879,-30887.826854,36633.339626
30 Jun 2040 14:13:44.197,-91795.504935,-32676.278507,34663.007238
30 Jun 2040 17:25:00.119,-89275.511015,-34485.142136,32325.327627
30 Jun 2040 20:19:41.495,-86547.473087,-35972.649013,30035.619098
30 Jun 2040 23:14:31.949,-83389.153276,-37283.296112,27595.430796
1 Jul 2040 01:58:10.737,-80023.458136,-38326.881156,25175.823898
1 Jul 2040 04:30:38.207,-76509.218931,-39117.746875,22802.423874
1 Jul 2040 06:52:25.708,-72890.914136,-39674.355989,20490.703920
1 Jul 2040 09:03:32.949,-69223.298246,-40014.017414,18262.480711
1 Jul 2040 11:04:16.804,-65552.492766,-40156.940706,16133.246798
1 Jul 2040 12:55:31.945,-61901.065286,-40123.969429,14104.974469
1 Jul 2040 14:37:51.822,-58296.523701,-39934.245992,12183.271997
1 Jul 2040 16:11:41.407,-54767.495285,-39606.813788,10374.423167
1 Jul 2040 17:37:33.188,-51334.522616,-39160.044688,8680.525679
1 Jul 2040 18:55:55.638,-48016.990966,-38611.917361,7103.228875
1 Jul 2040 20:07:18.865,-44829.603413,-37979.505811,5642.021772
1 Jul 2040 21:12:10.851,-41785.057346,-37279.248594,4295.594490
1 Jul 2040 22:10:56.361,-38895.317198,-36527.311170,3062.365632
1 Jul 2040 22:58:25.138,-36461.629217,-35827.276719,2057.982915
1 Jul 2040 23:41:02.768,-34196.172161,-35119.736888,1151.679238
2 Jul 2040 00:18:35.493,-32133.608222,-34427.609500,351.123875
2 Jul 2040 00:49:40.359,-30375.730274,-33800.706627,-312.197070
2 Jul 2040 01:17:42.287,-28749.008033,-33189.385039,-910.038635
2 Jul 2040 01:45:47.079,-27078.280395,-32529.382423,-1507.575854
2 Jul 2040 02:16:56.245,-25173.899674,-31735.955773,-2167.599955
2 Jul 2040 02:48:34.122,-23182.491483,-30857.399949,-2832.734506
2 Jul 2040 03:19:49.840,-21153.695368,-29908.290152,-3482.644891
2 Jul 2040 03:50:11.743,-19121.877745,-28899.751326,-4103.783129
2 Jul 2040 04:19:20.548,-17111.437012,-27840.691715,-4687.048568
2 Jul 2040 04:46:49.247,-15159.089357,-26749.469847,-5221.285120
2 Jul 2040 05:12:11.411,-13304.998669,-25650.959849,-5696.745564
2 Jul 2040 05:35:37.202,-11546.821813,-24548.047637,-6116.221704
2 Jul 2040 05:57:17.009,-9880.822388,-23442.429691,-6482.676099
2 Jul 2040 06:17:20.409,-8303.218521,-22335.338927,-6798.859176
2 Jul 2040 06:35:56.211,-6810.262279,-21227.587032,-7067.286433
2 Jul 2040 06:53:12.533,-5398.269388,-20119.572678,-7290.226002
2 Jul 2040 07:09:16.855,-4063.674133,-19011.304792,-7469.679815
2 Jul 2040 07:24:16.079,-2803.071019,-17902.413296,-7607.365774
2 Jul 2040 07:38:16.571,-1613.279642,-16792.176687,-7704.695542
2 Jul 2040 07:49:52.340,-622.471641,-15813.168642,-7757.834240
2 Jul 2040 08:01:29.242,372.218925,-14772.478774,-7781.526990
2 Jul 2040 08:10:53.035,1175.849735,-13882.546654,-7775.478750
2 Jul 2040 08:20:18.155,1977.344401,-12943.802076,-7743.210441
2 Jul 2040 08:29:00.185,2710.920605,-12032.019568,-7686.718112
2 Jul 2040 08:37:05.698,3383.949524,-11143.012345,-7607.984539
2 Jul 2040 08:44:39.955,4002.175931,-10273.439954,-7508.515303
2 Jul 2040 08:51:47.408,4570.331287,-9420.286357,-7389.414661
2 Jul 2040 08:58:31.899,5092.333087,-8580.744379,-7251.437986
2 Jul 2040 09:04:56.780,5571.386937,-7752.187694,-7095.034578
2 Jul 2040 09:11:05.026,6010.084015,-6932.111230,-6920.371707
2 Jul 2040 09:16:59.296,6410.435340,-6118.150168,-6727.363556
2 Jul 2040 09:21:23.687,6693.108950,-5495.099336,-6566.304898
2 Jul 2040 09:25:49.797,6961.841475,-4855.069407,-6388.732480
2 Jul 2040 09:30:31.231,7226.836578,-4164.854083,-6183.339000
2 Jul 2040 09:35:33.857,7487.275107,-3408.644159,-5941.561010
2 Jul 2040 09:40:41.725,7723.365283,-2626.252421,-5672.721541
2 Jul 2040 09:45:48.779,7927.000918,-1835.136627,-5381.229360
2 Jul 2040 09:50:52.028,8094.290797,-1046.008624,-5070.396092
2 Jul 2040 09:55:50.543,8223.895184,-264.671860,-4742.446367
2 Jul 2040 10:00:44.728,8315.800986,506.484061,-4398.597879
2 Jul 2040 10:05:35.807,8370.486567,1267.291341,-4039.204628
2 Jul 2040 10:10:25.520,8388.400829,2019.000152,-3663.877197
2 Jul 2040 10:15:14.967,8369.766812,2761.227712,-3272.936784
2 Jul 2040 10:20:02.295,8315.551037,3486.251894,-2870.883580
2 Jul 2040 10:24:48.840,8226.947059,4194.835194,-2457.995325
2 Jul 2040 10:29:36.426,8104.708579,4889.018990,-2033.647748
2 Jul 2040 10:34:26.373,7949.453877,5569.602670,-1597.777419
2 Jul 2040 10:39:19.365,7762.038207,6235.957195,-1151.185938
2 Jul 2040 10:44:15.085,7544.146211,6885.452498,-696.165326
2 Jul 2040 10:49:11.496,7299.314546,7512.371359,-237.627675
2 Jul 2040 10:54:02.878,7035.334480,8104.718290,213.913060
2 Jul 2040 10:58:30.433,6774.657917,8627.654312,628.019749
2 Jul 2040 11:03:01.756,6494.316099,9137.599435,1046.482542
2 Jul 2040 11:08:25.797,6140.830528,9720.221303,1543.176058
2 Jul 2040 11:14:13.360,5742.065082,10314.047242,2070.977768
2 Jul 2040 11:20:09.932,5315.022861,10891.071486,2606.005861
2 Jul 2040 11:26:17.514,4858.883284,11453.337272,3149.767461
2 Jul 2040 11:32:38.167,4372.500840,12002.569101,3703.788311
2 Jul 2040 11:39:13.976,3854.520028,12540.115432,4269.519005
2 Jul 2040 11:46:07.077,3303.405421,13066.995825,4848.342316
2 Jul 2040 11:53:19.703,2717.434944,13583.963028,5441.608794
2 Jul 2040 12:00:54.197,2094.729132,14091.513375,6050.625699
2 Jul 2040 12:09:00.644,1422.719377,14597.542183,6686.481121
2 Jul 2040 12:17:43.334,696.816153,15101.954230,7351.697151
2 Jul 2040 12:27:06.455,-87.146978,15603.818331,8048.130322
2 Jul 2040 12:37:14.709,-933.689162,16101.981449,8777.721011
2 Jul 2040 12:48:13.297,-1847.584558,16594.977738,9542.392077
2 Jul 2040 13:00:07.939,-2833.803707,17080.984500,10343.993450
2 Jul 2040 13:13:04.797,-3897.315348,17557.731651,11184.144687
2 Jul 2040 13:27:10.481,-5043.003631,18022.501157,12064.188318
2 Jul 2040 13:42:31.916,-6275.402868,18472.074433,12985.014289
2 Jul 2040 13:58:58.602,-7575.444846,18895.676495,13930.417340
2 Jul 2040 14:16:29.978,-8937.594944,19289.327578,14895.256884
2 Jul 2040 14:35:07.998,-10359.582337,19650.687595,15877.061182
2 Jul 2040 14:54:53.821,-11838.069418,19977.516358,16872.812122
2 Jul 2040 15:15:47.806,-13368.780478,20267.807627,17879.086018
2 Jul 2040 15:37:49.233,-14946.308198,20519.840266,18891.971442
2 Jul 2040 16:00:55.866,-16563.779141,20732.236926,19906.911924
2 Jul 2040 16:25:03.271,-18212.307629,20904.046248,20918.442176
2 Jul 2040 16:50:03.635,-19880.000145,21034.862805,21919.691889
2 Jul 2040 17:15:43.253,-21549.699403,21125.012309,22901.216987
2 Jul 2040 17:41:36.710,-23193.618627,21175.934500,23848.190245
2 Jul 2040 17:59:15.872,-24291.932063,21189.915443,24470.595129
2 Jul 2040 18:16:50.152,-25367.694947,21188.566820,25072.508826
2 Jul 2040 18:42:31.887,-26910.533865,21161.420568,25922.836338
2 Jul 2040 19:11:41.736,-28619.788837,21097.751482,26847.659576
2 Jul 2040 19:44:28.711,-30490.552134,20988.943053,27839.811589
2 Jul 2040 20:20:41.894,-32498.396740,20828.121495,28882.084738
2 Jul 2040 21:00:24.267,-34632.193299,20608.701808,29964.868183
2 Jul 2040 21:43:43.276,-36884.305548,20324.297486,31080.609382
2 Jul 2040 22:30:49.581,-39249.010587,19968.554276,32222.843921
2 Jul 2040 23:21:56.222,-41721.420363,19535.071241,33385.550842
3 Jul 2040 00:17:18.064,-44296.738482,19017.378418,34562.724835
3 Jul 2040 01:17:11.640,-46969.892205,18408.912764,35748.157688
3 Jul 2040 02:21:54.974,-49735.166862,17703.027878,36935.238409
3 Jul 2040 03:31:47.335,-52585.816410,16893.046496,38116.761897
3 Jul 2040 04:47:09.458,-55514.004828,15972.245722,39284.888432
3 Jul 2040 06:08:23.187,-58510.345229,14933.968534,40430.942555
3 Jul 2040 07:35:49.937,-61562.826115,13772.035174,41545.022406
3 Jul 2040 09:09:53.832,-64658.515833,12480.145471,42616.647869
3 Jul 2040 10:51:01.398,-67782.900426,11051.981078,43634.441873
3 Jul 2040 12:39:37.970,-70917.724128,9482.156462,44585.408180
3 Jul 2040 14:36:13.640,-74043.630576,7764.936708,45455.753148
3 Jul 2040 16:40:55.038,-77128.035182,5901.397128,46227.763988
3 Jul 2040 18:54:22.775,-80149.707386,3885.385480,46886.379234
3 Jul 2040 21:17:08.608,-83078.658422,1714.212660,47413.404962
3 Jul 2040 23:49:53.556,-85882.559654,-615.560608,47788.948842
4 Jul 2040 02:31:06.730,-88489.132041,-3071.959051,47988.904874
4 Jul 2040 05:23:09.096,-90887.975370,-5679.827764,47994.678436
4 Jul 2040 08:00:49.029,-92752.093803,-8049.253749,47823.143381
4 Jul 2040 11:06:03.100,-94546.631005,-10798.191939,47417.766652
4 Jul 2040 14:16:39.948,-95958.853354,-13577.300907,46782.587373
4 Jul 2040 17:26:26.193,-96936.311786,-16283.532005,45941.101611
4 Jul 2040 19:27:39.735,-97339.872354,-17975.871261,45298.446316
4 Jul 2040 21:30:11.326,-97574.086157,-19654.273570,44568.008887
5 Jul 2040 00:05:53.706,-97620.577623,-21736.189188,43525.155721
5 Jul 2040 02:48:31.750,-97368.908812,-23843.747723,42301.983198
5 Jul 2040 05:41:45.067,-96761.821302,-26005.261878,40851.856026
5 Jul 2040 08:44:47.876,-95736.221064,-28185.878422,39157.301195
5 Jul 2040 11:55:36.479,-94239.671662,-30332.832738,37216.020345
5 Jul 2040 14:49:36.456,-92485.457685,-32165.436655,35291.703282
5 Jul 2040 17:47:37.088,-90294.435579,-33902.174719,33171.756402
5 Jul 2040 20:56:02.674,-87521.702534,-35569.760088,30761.251904
5 Jul 2040 23:53:55.332,-84456.153263,-36961.876422,28328.083571
6 Jul 2040 02:41:32.444,-81147.304230,-38089.809921,25894.226693
6 Jul 2040 05:18:13.146,-77663.403854,-38960.571110,23494.349188
6 Jul 2040 07:43:40.949,-74068.327444,-39588.128185,21157.091428
6 Jul 2040 09:58:16.296,-70411.028653,-39991.873081,18899.941471
6 Jul 2040 12:02:35.044,-66729.434551,-40192.381088,16733.596428
6 Jul 2040 13:56:47.571,-63070.337087,-40209.926764,14673.873180
6 Jul 2040 15:41:58.284,-59447.504334,-40064.756979,12718.092202
6 Jul 2040 17:18:29.937,-55891.742843,-39775.916423,10873.738471
6 Jul 2040 18:46:51.658,-52426.970592,-39362.217629,9144.553633
6 Jul 2040 20:07:36.052,-49071.073582,-38841.574683,7531.358795
6 Jul 2040 21:21:11.587,-45840.968516,-38231.460828,6034.656953
6 Jul 2040 22:28:06.854,-42750.028278,-37548.543361,4653.378028
6 Jul 2040 23:28:47.811,-39810.294949,-36809.048346,3385.931891
7 Jul 2040 00:18:01.064,-37322.708535,-36114.096011,2349.000670
7 Jul 2040 01:02:22.030,-34996.485866,-35405.875949,1409.331276
7 Jul 2040 01:41:44.811,-32859.061288,-34704.354708,572.035141
7 Jul 2040 02:15:23.521,-30976.034817,-34045.017621,-144.364569
7 Jul 2040 02:39:13.206,-29609.076529,-33541.514438,-651.640150
7 Jul 2040 03:03:10.434,-28205.735920,-33002.291521,-1160.941408
7 Jul 2040 03:33:36.815,-26378.285738,-32265.233849,-1806.229285
7 Jul 2040 04:05:10.060,-24429.073514,-31433.981297,-2471.330159
7 Jul 2040 04:36:49.809,-22413.736113,-30523.299679,-3132.652014
7 Jul 2040 05:07:52.290,-20376.634175,-29546.909292,-3772.385458
7 Jul 2040 05:37:51.686,-18347.387305,-28514.838664,-4379.085106
7 Jul 2040 06:06:32.174,-16347.630377,-27435.470240,-4944.934609
7 Jul 2040 06:33:12.508,-14432.479777,-26339.059196,-5454.598299
7 Jul 2040 06:57:49.915,-12615.101292,-25236.811111,-5906.458549
7 Jul 2040 07:20:34.935,-10892.275769,-24130.976447,-6303.476791
7 Jul 2040 07:41:37.650,-9260.236581,-23023.066190,-6648.541108
7 Jul 2040 08:01:07.344,-7715.205294,-21914.145454,-6944.316961
7 Jul 2040 08:19:12.559,-6253.453485,-20804.864958,-7193.228709
7 Jul 2040 08:36:01.165,-4871.339218,-19695.473484,-7397.445569
7 Jul 2040 08:51:40.418,-3565.353583,-18585.834261,-7558.863949
7 Jul 2040 09:06:17.011,-2332.173753,-17475.444207,-7679.087597
7 Jul 2040 09:19:57.116,-1168.728023,-16363.462555,-7759.405867
7 Jul 2040 09:31:02.675,-220.266088,-15403.392746,-7797.339635
7 Jul 2040 09:42:09.506,730.733242,-14384.502187,-7806.448470
7 Jul 2040 09:52:11.737,1586.920153,-13410.895532,-7785.699695
7 Jul 2040 10:01:15.852,2354.932127,-12484.051107,-7739.573896
7 Jul 2040 10:09:39.704,3058.046288,-11582.975325,-7670.322777
7 Jul 2040 10:17:29.654,3703.458084,-10703.145129,-7579.653601
7 Jul 2040 10:24:50.572,4296.431146,-9841.342967,-7468.862151
7 Jul 2040 10:31:46.606,4841.296843,-8994.642715,-7338.871518
7 Jul 2040 10:38:21.354,5341.622593,-8160.314521,-7190.277516
7 Jul 2040 10:44:37.972,5800.301884,-7335.799797,-7023.386281
7 Jul 2040 10:50:39.282,6219.646114,-6518.644689,-6838.231532
7 Jul 2040 10:55:50.582,6561.794039,-5794.396063,-6657.582020
7 Jul 2040 10:59:56.853,6818.085300,-5208.605485,-6500.007400
7 Jul 2040 11:04:04.442,7061.421408,-4608.755327,-6327.941303
7 Jul 2040 11:08:59.941,7330.995962,-3879.394783,-6103.984273
7 Jul 2040 11:14:05.832,7583.564198,-3110.442332,-5850.135515
7 Jul 2040 11:19:14.298,7808.109171,-2322.698448,-5570.916036
7 Jul 2040 11:24:20.459,7998.252694,-1531.132175,-5270.448273
7 Jul 2040 11:29:22.231,8151.267477,-744.339535,-4951.623872
7 Jul 2040 11:34:19.266,8266.446459,33.333905,-4616.281154
7 Jul 2040 11:39:12.329,8344.049034,800.461776,-4265.299025
7 Jul 2040 11:44:02.870,8384.597752,1557.496907,-3898.737560
7 Jul 2040 11:48:52.780,8388.443871,2306.084816,-3515.947511
7 Jul 2040 11:53:40.967,8356.073486,3040.281825,-3120.257793
7 Jul 2040 11:58:27.936,8288.574201,3758.556431,-2713.065609
7 Jul 2040 12:03:14.839,8186.993645,4461.216829,-2294.799722
7 Jul 2040 12:08:03.315,8052.005098,5149.840281,-1865.026475
7 Jul 2040 12:12:54.464,7884.275628,5824.716741,-1423.970695
7 Jul 2040 12:17:48.644,7684.900039,6484.545304,-972.915021
7 Jul 2040 12:22:45.008,7456.112247,7125.725760,-514.962944
7 Jul 2040 12:27:40.462,7202.663136,7740.732466,-56.647309
7 Jul 2040 12:31:34.772,6985.338923,8211.075353,307.029459
7 Jul 2040 12:35:28.384,6755.618739,8664.699278,669.056872
7 Jul 2040 12:40:13.611,6459.194492,9197.983931,1109.436456
7 Jul 2040 12:45:41.020,6099.771297,9782.751910,1611.601774
7 Jul 2040 12:51:29.508,5697.736934,10373.920297,2140.942277
7 Jul 2040 12:57:27.169,5267.402725,10948.423862,2677.575502
7 Jul 2040 13:03:36.030,4807.890230,11508.309586,3223.046439
7 Jul 2040 13:09:58.156,4318.027884,12055.266430,3778.880277
7 Jul 2040 13:16:35.621,3796.460592,12590.588207,4346.501874
7 Jul 2040 13:23:30.583,3241.616004,13115.286031,4927.312494
7 Jul 2040 13:30:45.273,2651.771296,13630.071856,5522.643904
7 Jul 2040 13:38:22.285,2024.702579,14135.674840,6134.117567
7 Jul 2040 13:46:32.425,1346.830062,14640.541111,6773.688326
7 Jul 2040 13:55:19.157,614.719748,15143.563093,7442.711415
7 Jul 2040 14:04:46.773,-175.904466,15643.841724,8143.121299
7 Jul 2040 14:15:00.011,-1029.570184,16140.178931,8876.839651
7 Jul 2040 14:26:04.126,-1951.076849,16631.073852,9645.784807
7 Jul 2040 14:38:04.866,-2945.375471,17114.646151,10451.764915
7 Jul 2040 14:51:08.443,-4017.436922,17588.584091,11296.377417
7 Jul 2040 15:05:21.488,-5172.099394,18050.112180,12180.906904
7 Jul 2040 15:20:50.944,-6413.840784,18495.961552,13106.182302
7 Jul 2040 15:37:23.741,-7720.188083,18914.433789,14053.591602
7 Jul 2040 15:55:01.428,-9088.434805,19302.681616,15020.153607
7 Jul 2040 16:13:45.775,-10516.068340,19658.342251,16003.244926
7 Jul 2040 16:33:37.860,-11999.659814,19979.213443,16999.811132
7 Jul 2040 16:54:37.915,-13534.800766,20263.327655,18006.369416
7 Jul 2040 17:16:45.044,-15115.912520,20509.009706,19018.931389
7 Jul 2040 17:39:56.780,-16735.911836,20714.940835,20032.848606
7 Jul 2040 18:04:08.378,-18385.644650,20880.244419,21042.539268
7 Jul 2040 18:29:11.413,-20052.659790,21004.599937,22040.859484
7 Jul 2040 18:54:51.128,-21718.846288,21088.462064,23017.891648
7 Jul 2040 19:20:39.764,-23354.237822,21133.480940,23957.687926
7 Jul 2040 19:40:18.111,-24572.563864,21144.024718,24645.987956
7 Jul 2040 19:59:52.808,-25765.573883,21135.985041,25310.541551
7 Jul 2040 20:26:43.654,-27367.884525,21097.492051,26188.849239
7 Jul 2040 20:56:58.330,-29128.323360,21019.775637,27135.617319
7 Jul 2040 21:30:45.017,-31041.292800,20894.673159,28143.510298
7 Jul 2040 22:07:57.583,-33087.090662,20715.499515,29198.046699
7 Jul 2040 22:48:40.767,-35256.106395,20475.761765,30290.500133
7 Jul 2040 23:33:03.116,-37541.466991,20169.110656,31413.752323
8 Jul 2040 00:21:16.075,-39937.820449,19789.197659,32561.537686
8 Jul 2040 01:13:33.250,-42440.377041,19329.618664,33727.876941
8 Jul 2040 02:10:10.014,-45044.319179,18783.890335,34906.734130
8 Jul 2040 03:11:23.285,-47744.392724,18145.448023,36091.786395
8 Jul 2040 04:17:31.616,-50534.742427,17407.617728,37276.317246
8 Jul 2040 05:28:54.583,-53408.258385,16563.740092,38452.913915
8 Jul 2040 06:45:53.232,-56356.688326,15607.123154,39613.505886
8 Jul 2040 08:08:49.977,-59370.325583,14531.102375,40749.220747
8 Jul 2040 09:38:06.940,-62436.834113,13329.477718,41849.950276
8 Jul 2040 11:14:06.598,-65541.592799,11996.492710,42904.532506
8 Jul 2040 12:57:17.029,-68670.138589,10525.680947,43901.527583
8 Jul 2040 14:48:03.573,-71803.335323,8911.899718,44827.555693
8 Jul 2040 16:46:56.979,-74921.133181,7149.536346,45668.481388
8 Jul 2040 18:54:05.990,-77990.902894,5239.499068,46406.471065
8 Jul 2040 21:10:01.617,-80986.572872,3178.434032,47025.172119
8 Jul 2040 23:35:23.951,-83880.309530,962.028359,47506.748276
9 Jul 2040 02:11:02.390,-86640.551844,-1414.744404,47830.903625
9 Jul 2040 04:54:54.851,-89186.281355,-3911.336424,47973.070251
9 Jul 2040 07:49:44.957,-91511.352865,-6557.669461,47914.382795
9 Jul 2040 10:33:49.451,-93339.240307,-9016.051309,47673.631585
9 Jul 2040 13:46:31.956,-95061.716351,-11861.946747,47174.199679
9 Jul 2040 16:55:22.084,-96315.819987,-14596.670642,46469.303684
9 Jul 2040 20:25:29.890,-97216.484827,-17564.339172,45446.187126
9 Jul 2040 22:35:49.879,-97516.203320,-19359.201446,44689.963797
10 Jul 2040 00:40:04.272,-97618.365653,-21033.752654,43884.880611
10 Jul 2040 03:02:08.795,-97515.839350,-22901.234466,42865.617089
10 Jul 2040 06:00:48.161,-97053.806984,-25170.713425,41437.658914
10 Jul 2040 08:46:07.336,-96293.186259,-27184.534973,39973.871489
10 Jul 2040 11:37:30.172,-95162.186445,-29175.318940,38314.188615
10 Jul 2040 14:58:07.032,-93386.381198,-31366.363518,36189.682483
10 Jul 2040 18:10:32.471,-91212.147077,-33309.768962,33969.236948
10 Jul 2040 21:18:18.146,-88629.541030,-35037.586322,31630.781981
11 Jul 2040 00:21:35.628,-85649.431495,-36542.663344,29184.113548
11 Jul 2040 03:14:30.035,-82400.762341,-37775.824533,26726.897664
11 Jul 2040 05:55:03.447,-78981.505902,-38736.351947,24314.467101
11 Jul 2040 08:25:12.740,-75410.366850,-39451.493806,21943.289322
11 Jul 2040 10:43:52.019,-71770.181199,-39932.669901,19653.948956
11 Jul 2040 12:51:53.727,-68095.640982,-40202.642299,17454.184017
11 Jul 2040 14:50:01.844,-64417.889188,-40282.225359,15350.742873
11 Jul 2040 16:38:30.308,-60779.077512,-40191.592842,13356.874748
11 Jul 2040 18:18:12.955,-57195.283815,-39950.272556,11471.537568
11 Jul 2040 19:49:33.049,-53695.135967,-39577.388473,9700.933122
11 Jul 2040 21:13:03.043,-50298.203482,-39091.278725,8046.586682
11 Jul 2040 22:29:14.491,-47020.655848,-38509.432247,6508.553072
11 Jul 2040 23:38:35.244,-43877.615505,-37848.893330,5086.527874
12 Jul 2040 00:41:32.097,-40881.686347,-37126.078311,3779.116963
12 Jul 2040 01:38:28.713,-38044.856559,-36357.226587,2584.671263
12 Jul 2040 02:24:13.917,-35671.693182,-35650.021086,1618.466684
12 Jul 2040 03:05:04.006,-33478.100382,-34943.387416,752.674274
12 Jul 2040 03:40:29.091,-31514.145924,-34266.531131,0.311882
12 Jul 2040 04:06:33.568,-30029.866996,-33726.577587,-553.640480
12 Jul 2040 04:32:45.906,-28503.685932,-33145.201831,-1109.729615
12 Jul 2040 05:02:37.239,-26720.852449,-32431.462703,-1741.491629
12 Jul 2040 05:34:11.715,-24781.581571,-31611.226819,-2406.062973
12 Jul 2040 06:06:00.181,-22768.843302,-30709.381914,-3069.746740
12 Jul 2040 06:37:16.149,-20729.015159,-29740.034211,-3713.807741
12 Jul 2040 07:07:31.809,-18693.299453,-28713.576117,-4326.106184
12 Jul 2040 07:36:30.129,-16684.290291,-27638.579822,-4898.391317
12 Jul 2040 08:03:34.167,-14751.389656,-26541.496576,-5416.598969
12 Jul 2040 08:28:33.423,-12916.668290,-25438.126231,-5876.499887
12 Jul 2040 08:51:38.365,-11177.200290,-24330.952182,-6281.015810
12 Jul 2040 09:12:59.222,-9529.233739,-23221.568646,-6633.073160
12 Jul 2040 09:32:45.424,-7968.981638,-22111.110448,-6935.381119
12 Jul 2040 09:51:05.636,-6492.713465,-21000.304818,-7190.406987
12 Jul 2040 10:08:07.855,-5096.757165,-19889.459204,-7400.368767
12 Jul 2040 10:23:59.437,-3777.588226,-18778.510506,-7567.210604
12 Jul 2040 10:38:47.175,-2531.846706,-17667.017320,-7692.589222
12 Jul 2040 10:52:37.330,-1356.417114,-16554.200521,-7777.850058
12 Jul 2040 11:03:57.170,-388.877267,-15584.218991,-7820.188281
12 Jul 2040 11:15:18.224,581.752937,-14554.147431,-7833.265354
12 Jul 2040 11:24:30.857,1367.622604,-13671.573415,-7818.796807
12 Jul 2040 11:33:44.795,2150.732756,-12741.471771,-7778.265792
12 Jul 2040 11:42:19.882,2871.540492,-11832.872107,-7713.882513
12 Jul 2040 11:50:19.604,3533.077601,-10946.330276,-7627.634075
12 Jul 2040 11:57:48.932,4140.704377,-10078.782879,-7520.946741
12 Jul 2040 12:04:52.200,4698.993554,-9227.242766,-7394.844394
12 Jul 2040 12:11:33.161,5211.730252,-8388.916838,-7250.009269
12 Jul 2040 12:17:55.096,5682.000378,-7561.190835,-7086.823686
12 Jul 2040 12:24:00.923,6112.283384,-6741.572021,-6905.392513
12 Jul 2040 12:29:53.254,6504.482294,-5927.713269,-6705.572432
12 Jul 2040 12:32:36.932,6678.221864,-5541.659208,-6603.889086
12 Jul 2040 12:35:23.190,6848.645372,-5144.502105,-6494.618915
12 Jul 2040 12:40:04.195,7121.611983,-4462.191086,-6295.778430
12 Jul 2040 12:45:01.552,7387.750968,-3726.032037,-6065.333676
12 Jul 2040 12:50:09.146,7635.746906,-2950.833920,-5804.576759
12 Jul 2040 12:55:17.928,7853.899515,-2160.782141,-5519.420326
12 Jul 2040 13:00:23.757,8036.795796,-1369.183400,-5213.692074
12 Jul 2040 13:05:24.970,8182.234040,-583.632122,-4890.074400
12 Jul 2040 13:10:21.487,8289.782183,192.209208,-4550.214126
12 Jul 2040 13:15:14.241,8359.807833,957.365252,-4194.820549
12 Jul 2040 13:20:04.788,8392.836158,1712.575958,-3823.806587
12 Jul 2040 13:24:54.957,8389.165859,2459.323269,-3436.575422
12 Jul 2040 13:29:25.834,8352.818741,3146.839696,-3061.568638
12 Jul 2040 13:34:12.930,8280.237950,3862.641905,-2651.650248
12 Jul 2040 13:39:00.187,8173.668859,4563.022661,-2230.623823
12 Jul 2040 13:43:49.178,8033.770196,5249.396509,-1798.129216
12 Jul 2040 13:48:40.909,7861.250653,5921.843719,-1354.522516
12 Jul 2040 13:53:35.597,7657.328120,6578.786134,-901.300809
12 Jul 2040 13:58:32.158,7424.498385,7216.207069,-441.935683
12 Jul 2040 14:03:26.999,7168.095658,7825.745691,16.268634
12 Jul 2040 14:06:29.366,6998.164227,8190.571143,299.752142
12 Jul 2040 14:09:30.867,6821.129134,8544.411686,581.553709
12 Jul 2040 14:14:12.745,6531.839822,9075.759962,1017.871791
12 Jul 2040 14:19:30.901,6186.533912,9649.316521,1507.377874
12 Jul 2040 14:25:17.720,5790.403269,10243.745231,2036.154899
12 Jul 2040 14:31:13.284,5366.092261,10821.013588,2571.885556
12 Jul 2040 14:37:19.563,4912.855961,11383.165758,3116.042024
12 Jul 2040 14:43:38.620,4429.576106,11931.983430,3670.170483
12 Jul 2040 14:50:12.527,3914.933889,12468.849396,4235.723836
12 Jul 2040 14:57:03.415,3367.412302,12994.828743,4814.102275
12 Jul 2040 15:04:13.484,2785.338246,13510.685357,5406.638175
12 Jul 2040 15:11:45.062,2166.851207,14016.952447,6014.650042
12 Jul 2040 15:19:47.704,1500.107274,14521.074883,6648.620612
12 Jul 2040 15:28:26.116,779.921489,15023.513524,7311.695589
12 Jul 2040 15:37:44.392,2.220530,15523.320514,8005.670597
12 Jul 2040 15:47:47.169,-837.470681,16019.368334,8732.473914
12 Jul 2040 15:58:39.583,-1743.892738,16510.225371,9494.025879
12 Jul 2040 16:10:27.275,-2721.974833,16994.100809,10292.167330
12 Jul 2040 16:23:16.346,-3776.681504,17468.775092,11128.537778
12 Jul 2040 16:37:13.337,-4912.893883,17931.577917,12004.497460
12 Jul 2040 16:52:25.097,-6135.145682,18379.336459,12920.952552
12 Jul 2040 17:08:43.520,-7427.554759,18802.269928,13863.950586
12 Jul 2040 17:26:06.103,-8781.993589,19195.382878,14826.356549
12 Jul 2040 17:44:34.901,-10196.351574,19556.370256,15805.797730
12 Jul 2040 18:04:11.127,-11667.377101,19882.993110,16799.295562
12 Jul 2040 18:24:55.198,-13190.873196,20173.238401,17803.457785
12 Jul 2040 18:46:46.477,-14761.527391,20425.375366,18814.412105
12 Jul 2040 19:09:42.862,-16372.602616,20638.015393,19827.663709
12 Jul 2040 19:33:40.147,-18015.430716,20810.192868,20837.852906
12 Jul 2040 19:58:30.786,-19678.340074,20941.470712,21838.208130
12 Jul 2040 20:24:01.649,-21344.676457,21032.138651,22819.538206
12 Jul 2040 20:49:48.536,-22987.728214,21083.572572,23767.571526
12 Jul 2040 21:09:34.514,-24220.877724,21098.490590,24466.876228
12 Jul 2040 21:29:16.398,-25427.718205,21094.132149,25141.482287
12 Jul 2040 21:55:00.206,-26972.211575,21062.069080,25991.169519
12 Jul 2040 22:24:27.872,-28698.135134,20992.203301,26923.111683
12 Jul 2040 22:57:27.613,-30579.813744,20876.466750,27918.746932
12 Jul 2040 23:33:52.984,-32597.246642,20707.994391,28963.316317
13 Jul 2040 00:13:47.151,-34739.479959,20480.288026,30047.323913
13 Jul 2040 00:57:17.966,-36999.228479,20186.998384,31163.408004
13 Jul 2040 01:44:36.409,-39371.005301,19821.787277,32305.220971
13 Jul 2040 02:35:55.613,-41849.941291,19378.282441,33466.743843
13 Jul 2040 03:31:30.612,-44431.304931,18850.025851,34641.990294
13 Jul 2040 04:31:37.898,-47109.913298,18230.497462,35824.688471
13 Jul 2040 05:36:35.608,-49880.051938,17513.070961,37008.213152
13 Jul 2040 06:46:43.277,-52735.059743,16691.058854,38185.376093
13 Jul 2040 08:02:21.544,-55666.919736,15757.799803,39348.241467
13 Jul 2040 09:23:52.301,-58666.158975,14706.679113,40488.080171
13 Jul 2040 10:51:39.019,-61721.803711,13531.113424,41595.336644
13 Jul 2040 12:26:03.750,-64819.487593,12225.314317,42658.961659
13 Jul 2040 14:07:29.713,-67942.915608,10783.840737,43667.002300
13 Jul 2040 15:56:26.645,-71076.061944,9200.379634,44607.205263
13 Jul 2040 17:53:20.010,-74197.319859,7470.432831,45465.121888
13 Jul 2040 19:58:42.128,-77284.450642,5588.787576,46225.578426
13 Jul 2040 22:12:25.296,-80296.394800,3561.517280,46868.667448
14 Jul 2040 00:35:28.155,-83214.403025,1379.378410,47379.087874
14 Jul 2040 03:08:25.338,-86004.018563,-959.290475,47736.638729
14 Jul 2040 05:50:56.125,-88611.088207,-3440.105101,47918.351263
14 Jul 2040 08:42:51.709,-90985.796957,-6049.678466,47903.173902
14 Jul 2040 11:43:33.925,-93072.892022,-8765.236587,47671.850147
14 Jul 2040 14:54:42.344,-94839.375914,-11595.975808,47201.099199
14 Jul 2040 17:40:10.956,-96011.788300,-14003.511456,46615.527930
14 Jul 2040 20:23:52.659,-96851.830012,-16338.544184,45880.858742
14 Jul 2040 23:18:06.224,-97400.984087,-18765.455522,44935.458871
15 Jul 2040 01:16:31.406,-97572.654036,-20376.675396,44199.530416
15 Jul 2040 03:13:25.905,-97582.553691,-21934.008294,43400.636480
15 Jul 2040 05:41:07.476,-97368.251162,-23850.104770,42290.576688
15 Jul 2040 08:47:51.131,-96733.226794,-26182.740635,40729.201559
15 Jul 2040 11:37:36.154,-95799.607830,-28207.057958,39159.493700
15 Jul 2040 14:33:04.647,-94471.973577,-30192.711748,37388.606932
15 Jul 2040 17:59:32.516,-92426.767088,-32373.746710,35114.047207
15 Jul 2040 21:17:36.416,-89957.849734,-34288.476277,32739.256691
16 Jul 2040 00:25:51.528,-87131.719647,-35925.549768,30307.436585
16 Jul 2040 03:24:46.686,-83991.066883,-37293.977817,27837.907177
16 Jul 2040 06:11:12.923,-80649.450216,-38380.455432,25401.287749
16 Jul 2040 08:45:56.513,-77157.395337,-39207.019712,23014.560803
16 Jul 2040 11:09:53.576,-73552.759044,-39795.236708,20687.839723
16 Jul 2040 13:23:04.945,-69890.557779,-40162.545430,18442.996599
16 Jul 2040 15:25:56.291,-66213.066095,-40329.301905,16293.242802
16 Jul 2040 17:19:10.238,-62549.488594,-40316.028088,14244.367099
16 Jul 2040 19:03:10.730,-58934.171590,-40142.594045,12305.377809
16 Jul 2040 20:38:33.909,-55390.773292,-39828.403339,10479.524730
16 Jul 2040 22:05:50.632,-51941.812982,-39392.280372,8769.716036
16 Jul 2040 23:25:32.891,-48605.167400,-38852.208954,7176.687786
17 Jul 2040 00:38:11.423,-45395.675628,-38225.337902,5699.901859
17 Jul 2040 01:44:13.220,-42327.347554,-37528.426518,4338.555077
17 Jul 2040 02:44:03.326,-39412.537761,-36777.818610,3091.129280
17 Jul 2040 03:32:28.051,-36953.480941,-36076.736496,2073.836974
17 Jul 2040 04:15:58.993,-34660.736634,-35366.164115,1154.782460
17 Jul 2040 04:54:24.803,-32566.834744,-34668.182211,340.799448
17 Jul 2040 05:26:35.450,-30760.769818,-34027.593242,-341.345950
17 Jul 2040 05:54:11.271,-29171.358685,-33433.511937,-925.968713
17 Jul 2040 06:21:51.315,-27538.544587,-32792.784562,-1510.818063
17 Jul 2040 06:53:10.917,-25639.778698,-32007.623009,-2170.197153
17 Jul 2040 07:25:07.686,-23645.740442,-31134.764934,-2837.674571
17 Jul 2040 07:56:47.606,-21608.255015,-30189.193006,-3491.917296
17 Jul 2040 08:27:36.504,-19563.643128,-29182.520101,-4118.549904
17 Jul 2040 08:57:13.618,-17537.457771,-28123.915627,-4707.975621
17 Jul 2040 09:25:15.987,-15561.088637,-27028.332640,-5250.314266
17 Jul 2040 09:51:09.148,-13683.646979,-25925.060982,-5733.157451
17 Jul 2040 10:15:03.244,-11903.095823,-24817.236386,-6159.270385
17 Jul 2040 10:37:08.864,-10215.729851,-23706.665430,-6531.666966
17 Jul 2040 10:57:35.787,-8617.763167,-22594.671338,-6853.156288
17 Jul 2040 11:16:33.006,-7105.434887,-21482.151881,-7126.313331
17 Jul 2040 11:34:08.804,-5675.042584,-20369.591498,-7353.466451
17 Jul 2040 11:50:30.811,-4322.993526,-19257.083192,-7536.679953
17 Jul 2040 12:05:46.060,-3045.852986,-18144.346557,-7677.736296
17 Jul 2040 12:20:01.039,-1840.395572,-17030.745835,-7778.116624
17 Jul 2040 12:31:57.090,-824.078075,-16036.782963,-7834.246018
17 Jul 2040 12:42:41.665,93.527384,-15089.353927,-7859.052217
17 Jul 2040 12:53:27.441,1012.416334,-14085.444372,-7855.358044
17 Jul 2040 13:03:11.818,1840.281402,-13125.710272,-7823.435153
17 Jul 2040 13:12:04.806,2588.941722,-12204.544610,-7767.015675
17 Jul 2040 13:20:19.441,3274.870527,-11307.872455,-7688.062710
17 Jul 2040 13:28:01.573,3904.588105,-10431.655072,-7588.146009
17 Jul 2040 13:35:15.855,4483.075173,-9572.762788,-7468.441618
17 Jul 2040 13:42:06.289,5014.456736,-8728.291978,-7329.762303
17 Jul 2040 13:48:36.341,5502.096148,-7895.564382,-7172.609982
17 Jul 2040 13:54:49.081,5948.727392,-7072.024773,-6997.197019
17 Jul 2040 14:00:47.248,6356.492754,-6255.257174,-6803.475760
17 Jul 2040 14:05:32.544,6663.758207,-5587.223983,-6630.302298
17 Jul 2040 14:10:19.361,6954.735696,-4900.636486,-6438.388659
17 Jul 2040 14:14:55.624,7215.944965,-4225.881877,-6235.890729
17 Jul 2040 14:19:59.313,7479.017697,-3470.172245,-5992.555778
17 Jul 2040 14:25:08.592,7718.234930,-2687.297338,-5721.778781
17 Jul 2040 14:30:17.307,7925.264076,-1894.830407,-5427.975142
17 Jul 2040 14:35:22.243,8095.945952,-1103.997619,-5114.618691
17 Jul 2040 14:40:22.337,8228.807617,-320.941580,-4784.060769
17 Jul 2040 14:45:17.915,8323.789757,451.728402,-4437.618072
17 Jul 2040 14:50:10.148,8381.377187,1213.683773,-4075.732694
17 Jul 2040 14:55:00.749,8402.061832,1966.087285,-3698.079179
17 Jul 2040 14:59:51.032,8386.092765,2709.097679,-3304.715213
17 Jul 2040 15:04:25.099,8337.720949,3399.906878,-2920.173545
17 Jul 2040 15:09:12.388,8253.109487,4110.181916,-2505.223442
17 Jul 2040 15:14:00.380,8134.741579,4805.501328,-2079.066701
17 Jul 2040 15:18:50.490,7983.255554,5486.898843,-1641.526756
17 Jul 2040 15:23:43.489,7799.481810,6153.943672,-1193.292504
17 Jul 2040 15:28:39.221,7584.979059,6804.338277,-736.427343
17 Jul 2040 15:33:35.915,7343.002035,7432.858069,-275.460807
17 Jul 2040 15:38:28.494,7080.615643,8028.651256,180.028041
17 Jul 2040 15:43:01.277,6816.867843,8562.542008,604.255193
17 Jul 2040 15:47:21.043,6550.333852,9051.701457,1006.903857
17 Jul 2040 15:52:40.295,6204.537338,9627.544278,1498.880769
17 Jul 2040 15:58:27.050,5809.096960,10222.143799,2028.421623
17 Jul 2040 16:04:22.450,5385.511195,10799.424314,2564.797486
17 Jul 2040 16:10:28.462,4933.054180,11361.442941,3109.479982
17 Jul 2040 16:16:47.142,4450.628472,11909.989579,3664.011016
17 Jul 2040 16:23:20.575,3936.906864,12446.483374,4229.869626
17 Jul 2040 16:30:10.877,3390.396957,12971.985807,4808.442513
17 Jul 2040 16:37:20.248,2809.428373,13487.278326,5401.071381
17 Jul 2040 16:44:51.005,2192.155801,13992.898450,6009.069909
17 Jul 2040 16:52:52.597,1526.880020,14496.205464,6642.811063
17 Jul 2040 17:01:29.792,808.323867,14997.757751,7305.545265
17 Jul 2040 17:10:46.675,32.415300,15496.622215,7999.074996
17 Jul 2040 17:20:47.849,-805.287700,15991.666316,8725.307186
17 Jul 2040 17:31:38.432,-1709.518428,16481.471392,9486.164198
17 Jul 2040 17:43:24.030,-2685.179137,16964.249769,10283.472304
17 Jul 2040 17:56:10.733,-3737.244855,17437.804212,11118.886721
17 Jul 2040 18:10:05.042,-4870.571650,17899.469715,11993.753902
17 Jul 2040 18:25:13.808,-6089.729291,18346.102942,12909.012157
17 Jul 2040 18:41:29.660,-7379.817349,18768.238393,13851.402325
17 Jul 2040 18:58:49.474,-8731.878177,19160.561507,14813.147839
17 Jul 2040 19:17:15.339,-10143.856476,19520.783490,15791.911112
17 Jul 2040 19:36:48.485,-11612.529576,19846.669869,16784.727525
17 Jul 2040 19:57:29.347,-13133.726794,20136.209399,17788.215916
17 Jul 2040 20:19:17.300,-14702.150517,20387.669902,18798.507056
17 Jul 2040 20:42:10.281,-16311.105710,20599.664607,19811.126177
17 Jul 2040 21:06:04.093,-17951.924639,20771.223289,20820.706927
17 Jul 2040 21:30:51.337,-19613.082664,20901.916235,21820.559301
17 Jul 2040 21:56:18.977,-21277.992377,20992.025896,22801.520526
17 Jul 2040 22:22:03.060,-22920.146579,21042.923258,23749.424050
17 Jul 2040 22:42:05.053,-24171.372288,21057.497606,24459.147383
17 Jul 2040 23:02:03.298,-25395.985655,21052.224877,25143.667501
17 Jul 2040 23:27:43.227,-26937.765594,21018.989346,25991.712756
17 Jul 2040 23:57:09.677,-28663.835974,20947.757190,26923.522119
18 Jul 2040 00:30:07.441,-30545.086549,20830.555697,27918.633840
18 Jul 2040 01:06:30.354,-32561.814663,20660.546139,28962.452266
18 Jul 2040 01:46:21.829,-34703.314186,20431.231441,30045.607186
18 Jul 2040 02:29:49.628,-36962.235769,20136.283229,31160.699331
18 Jul 2040 03:17:04.727,-39333.111552,19769.376110,32301.386653
18 Jul 2040 04:08:20.323,-41811.146766,19324.138886,33461.680911
18 Jul 2040 05:03:51.391,-44391.583594,18794.130167,34635.577986
18 Jul 2040 06:03:54.466,-47069.294641,18172.830955,35816.825853
18 Jul 2040 07:08:47.430,-49838.408544,17453.670087,36998.727554
18 Jul 2040 08:18:49.803,-52692.299488,16629.978021,38174.111316
18 Jul 2040 09:34:22.417,-55623.119301,15695.067126,39335.109397
18 Jul 2040 10:55:47.097,-58621.383706,14642.345978,40472.984918
18 Jul 2040 12:23:27.069,-61676.016815,13465.297480,41578.145368
18 Jul 2040 13:57:46.663,-64773.921615,12157.616676,42639.972721
18 Jul 2040 15:39:06.261,-67897.223717,10714.520176,43645.954093
18 Jul 2040 17:27:53.726,-71029.150663,9130.181962,44583.654048
18 Jul 2040 19:24:37.907,-74149.861102,7399.310505,45439.189805
18 Jul 2040 21:29:48.292,-77235.974585,5517.409081,46197.101867
18 Jul 2040 23:43:37.885,-80254.107625,3485.332252,46839.084672
19 Jul 2040 02:06:19.352,-83168.751751,1305.499426,47346.448106
19 Jul 2040 04:38:51.222,-85955.308053,-1029.777308,47701.390059
19 Jul 2040 07:22:09.276,-88579.157352,-3525.568047,47881.836310
19 Jul 2040 10:13:18.632,-90947.147460,-6126.190482,47864.314484
19 Jul 2040 13:15:52.773,-93058.358643,-8872.192968,47627.290435
19 Jul 2040 16:12:26.811,-94706.024391,-11490.575006,47196.071642
19 Jul 2040 19:08:49.375,-95974.948840,-14060.463632,46577.278752
19 Jul 2040 22:07:44.428,-96884.665698,-16612.086610,45766.213743
20 Jul 2040 01:16:21.513,-97437.625592,-19232.276590,44719.259540
20 Jul 2040 03:25:06.430,-97577.460152,-20974.541416,43895.130474
20 Jul 2040 05:26:03.957,-97533.597613,-22573.781418,43041.930405
20 Jul 2040 07:57:29.052,-97239.058806,-24519.928826,41868.207417
20 Jul 2040 11:05:22.170,-96501.023406,-26840.168212,40251.582439
20 Jul 2040 14:03:42.543,-95414.326499,-28935.221734,38555.807766
20 Jul 2040 17:01:31.021,-93949.565952,-30908.314174,36710.894997
20 Jul 2040 20:25:44.362,-91785.181207,-33015.148644,34403.778252
20 Jul 2040 23:41:17.413,-89212.874277,-34852.728767,32007.092950
21 Jul 2040 02:46:37.603,-86303.668003,-36410.224753,29566.351626
21 Jul 2040 05:42:06.854,-83104.697503,-37697.466579,27102.946473
21 Jul 2040 08:25:34.012,-79713.972780,-38709.963351,24674.257134
21 Jul 2040 10:57:21.889,-76187.513612,-39466.970205,22301.775598
21 Jul 2040 13:18:40.904,-72555.663825,-39990.982030,19990.894379
21 Jul 2040 15:29:04.568,-68884.709435,-40298.240415,17770.425515
21 Jul 2040 17:29:13.751,-65209.904281,-40410.459835,15648.916705
21 Jul 2040 19:19:55.840,-61556.802249,-40348.176308,13630.077490
21 Jul 2040 21:01:38.511,-57956.216697,-40130.928399,11721.085186
21 Jul 2040 22:34:47.604,-54436.705280,-39778.305816,9927.821847
21 Jul 2040 23:59:58.588,-51017.113660,-39308.883036,8251.241024
22 Jul 2040 01:17:42.993,-47714.606147,-38740.495018,6691.734137
22 Jul 2040 02:28:31.031,-44543.439507,-38090.158264,5248.483197
22 Jul 2040 03:32:49.530,-41516.857908,-37374.464988,3920.320588
22 Jul 2040 04:31:02.198,-38647.459925,-36609.843254,2705.800385
22 Jul 2040 05:17:55.616,-36239.570092,-35902.690034,1720.608140
22 Jul 2040 05:59:53.156,-34006.727328,-35192.497444,835.284524
22 Jul 2040 06:36:32.149,-31992.136839,-34505.718686,60.366399
22 Jul 2040 07:05:25.899,-30359.108064,-33916.174976,-550.744345
22 Jul 2040 07:34:26.729,-28677.711118,-33277.604369,-1163.578014
22 Jul 2040 08:04:05.724,-26914.109182,-32572.361364,-1787.979445
22 Jul 2040 08:35:54.568,-24968.054270,-31750.485633,-2454.318769
22 Jul 2040 09:07:57.672,-22947.968228,-30846.711512,-3119.735314
22 Jul 2040 09:39:28.722,-20899.790276,-29874.884055,-3765.615890
22 Jul 2040 10:09:59.462,-18855.028178,-28845.469698,-4379.698040
22 Jul 2040 10:39:12.563,-16836.505942,-27767.103781,-4953.645487
22 Jul 2040 11:06:31.114,-14893.412863,-26666.033787,-5473.455283
22 Jul 2040 11:31:43.692,-13048.900209,-25558.631335,-5934.621658
22 Jul 2040 11:55:00.827,-11300.090332,-24447.441195,-6340.080816
22 Jul 2040 12:16:32.849,-9643.221409,-23334.085365,-6692.786701
22 Jul 2040 12:36:29.261,-8074.518524,-22219.741067,-6995.469857
22 Jul 2040 12:54:58.809,-6590.240396,-21105.163261,-7250.622859
22 Jul 2040 13:12:09.553,-5186.716180,-19990.697294,-7460.486203
22 Jul 2040 13:28:08.918,-3860.402960,-18876.304635,-7627.029375
22 Jul 2040 13:43:03.750,-2607.933156,-17761.579602,-7751.932895
22 Jul 2040 13:57:00.366,-1426.168432,-16645.768895,-7836.568186
22 Jul 2040 14:08:28.241,-449.307169,-15669.174069,-7878.377490
22 Jul 2040 14:19:57.293,530.821462,-14631.900835,-7890.535644
22 Jul 2040 14:29:15.614,1323.415629,-13744.242919,-7875.017710
22 Jul 2040 14:38:35.254,2113.394353,-12808.619560,-7833.141805
22 Jul 2040 14:47:15.170,2840.025359,-11895.303346,-7767.267658
22 Jul 2040 14:55:19.104,3506.670061,-11004.558531,-7679.420012
22 Jul 2040 15:02:52.137,4118.816856,-10133.249304,-7571.053745
22 Jul 2040 15:09:58.685,4681.134992,-9278.338046,-7443.214691
22 Jul 2040 15:16:42.561,5197.481922,-8437.001174,-7296.603879
22 Jul 2040 15:23:07.097,5671.008117,-7606.593983,-7131.618149
22 Jul 2040 15:29:15.251,6104.246592,-6784.601479,-6948.374914
22 Jul 2040 15:35:09.668,6499.147720,-5968.657017,-6746.741380
22 Jul 2040 15:38:43.556,6725.361335,-5464.853874,-6612.350108
22 Jul 2040 15:42:19.467,6943.386846,-4947.907418,-6466.540697
22 Jul 2040 15:47:06.939,7215.939600,-4247.198716,-6255.997348
22 Jul 2040 15:52:10.379,7479.308666,-3493.341526,-6012.718154
22 Jul 2040 15:57:20.357,7719.734318,-2709.937761,-5741.223285
22 Jul 2040 16:02:29.857,7928.051328,-1916.635551,-5446.561372
22 Jul 2040 16:07:35.579,8100.002258,-1124.856775,-5132.268450
22 Jul 2040 16:12:36.418,8234.070346,-340.850612,-4800.735493
22 Jul 2040 16:17:32.663,8330.176919,432.669895,-4453.326139
22 Jul 2040 16:22:25.478,8388.813998,1195.348119,-4090.501758
22 Jul 2040 16:27:16.564,8410.488148,1948.307357,-3711.963959
22 Jul 2040 16:32:07.311,8395.459534,2691.896339,-3317.677899
22 Jul 2040 16:36:33.776,8349.763613,3363.233795,-2943.661760
22 Jul 2040 16:41:21.505,8266.906168,4074.582361,-2528.015879
22 Jul 2040 16:46:09.805,8150.226444,4770.768923,-2101.244626
22 Jul 2040 16:51:00.127,8000.371953,5452.913435,-1663.130472
22 Jul 2040 16:55:53.287,7818.156792,6120.685018,-1214.302265
22 Jul 2040 17:00:49.183,7605.094899,6771.892168,-756.747322
22 Jul 2040 17:05:46.169,7364.312675,7401.543743,-294.811162
22 Jul 2040 17:10:39.419,7102.585714,7999.225679,162.297546
22 Jul 2040 17:15:14.376,6837.722557,8537.784459,590.488513
22 Jul 2040 17:19:28.081,6578.335938,9016.064514,984.325636
22 Jul 2040 17:24:45.220,6236.108530,9589.121679,1473.861677
22 Jul 2040 17:30:31.806,5842.138745,10184.636138,2004.106725
22 Jul 2040 17:36:26.889,5420.055209,10762.613259,2541.038994
22 Jul 2040 17:42:32.421,4969.175270,11325.114201,3086.111360
22 Jul 2040 17:48:50.461,4488.417754,11873.963524,3640.877720
22 Jul 2040 17:55:23.082,3976.485187,12410.593178,4206.809710
22 Jul 2040 18:02:12.405,3431.888090,12936.101069,4785.313451
22 Jul 2040 18:09:20.618,2852.976969,13451.281883,5377.727581
22 Jul 2040 18:16:50.022,2237.929539,13956.683806,5985.359859
22 Jul 2040 18:24:49.700,1575.554096,14459.344883,6618.147023
22 Jul 2040 18:33:24.724,860.145691,14960.220276,7279.788328
22 Jul 2040 18:42:39.133,87.676411,15458.373290,7972.059602
22 Jul 2040 18:52:37.504,-746.284212,15952.692804,8696.872226
22 Jul 2040 19:03:24.902,-1646.426014,16441.764402,9456.125842
22 Jul 2040 19:15:06.911,-2617.657255,16923.833494,10251.666238
22 Jul 2040 19:27:49.565,-3664.918667,17396.714875,11085.133986
22 Jul 2040 19:41:39.342,-4793.084441,17857.779460,11957.901960
22 Jul 2040 19:56:43.075,-6006.754920,18303.919112,12870.940675
22 Jul 2040 20:12:54.790,-7292.898756,18726.244748,13812.319825
22 Jul 2040 20:30:10.211,-8641.011341,19118.824667,14773.062566
22 Jul 2040 20:48:31.505,-10049.151761,19479.392532,15750.902954
22 Jul 2040 21:07:59.921,-11514.127382,19805.705123,16742.884121
22 Jul 2040 21:28:35.935,-13031.818697,20095.744864,17745.645794
22 Jul 2040 21:50:18.988,-14597.000691,20347.772687,18755.351406
22 Jul 2040 22:13:07.102,-16203.061462,20560.390407,19767.562456
22 Jul 2040 22:36:56.191,-17841.431306,20732.611300,20776.954535
22 Jul 2040 23:01:39.046,-19500.752206,20863.986288,21776.916437
22 Jul 2040 23:27:02.999,-21164.764707,20954.771730,22758.450599
22 Jul 2040 23:52:44.863,-22807.652047,21006.292988,23707.747276
23 Jul 2040 00:13:31.159,-24106.975382,21021.419789,24445.230335
23 Jul 2040 00:34:14.137,-25378.352043,21015.133996,25155.908580
23 Jul 2040 00:59:46.886,-26913.749798,20980.657130,26000.218599
23 Jul 2040 01:29:14.073,-28641.508956,20907.849979,26932.658378
23 Jul 2040 02:02:11.105,-30523.090748,20788.963608,27927.565190
23 Jul 2040 02:38:33.102,-32540.065675,20617.141854,28971.031812
23 Jul 2040 03:18:23.272,-34681.553317,20385.924776,30053.595681
23 Jul 2040 04:01:49.594,-36940.416417,20088.980296,31167.962397
23 Jul 2040 04:49:03.056,-39311.206815,19719.990666,32307.793318
23 Jul 2040 05:40:16.774,-41789.075113,19272.604807,33467.068508
23 Jul 2040 06:35:45.800,-44369.339360,18740.379189,34639.813807
23 Jul 2040 07:35:46.679,-47046.889864,18116.800201,35819.778142
23 Jul 2040 08:40:37.375,-49815.921792,17395.288092,37000.285353
23 Jul 2040 09:50:37.007,-52669.544835,16569.259081,38174.047138
23 Jul 2040 11:06:06.471,-55599.991840,15632.029895,39333.230566
23 Jul 2040 12:27:27.896,-58597.995084,14576.957828,40469.180386
23 Jul 2040 13:55:04.028,-61652.212851,13397.643825,41572.202284
23 Jul 2040 15:29:19.669,-64749.852618,12087.692424,42631.788087
23 Jul 2040 17:10:38.551,-67874.711632,10641.528028,43635.938943
23 Jul 2040 18:59:20.300,-71005.867144,9055.311228,44570.905284
23 Jul 2040 20:55:58.968,-74126.218898,7322.535519,45423.698084
23 Jul 2040 23:01:00.180,-77210.843119,5439.691587,46178.488848
24 Jul 2040 01:14:58.839,-80234.594808,3402.110196,46818.720595
24 Jul 2040 03:37:27.434,-83147.038761,1222.432297,47322.618856
24 Jul 2040 06:09:47.169,-85932.453116,-1112.761219,47674.371159
24 Jul 2040 08:52:46.170,-88554.258675,-3606.588356,47851.796594
24 Jul 2040 11:44:05.388,-90927.652363,-6212.386345,47831.480409
24 Jul 2040 14:46:11.216,-93036.829788,-8953.769386,47592.261417
24 Jul 2040 17:41:41.686,-94679.340068,-11558.634356,47161.750176
24 Jul 2040 21:00:17.052,-96088.126194,-14450.777571,46450.628927
25 Jul 2040 00:19:29.075,-97031.326125,-17281.220755,45509.926316
25 Jul 2040 03:56:30.477,-97530.836135,-20270.487585,44237.350847
25 Jul 2040 06:04:22.324,-97568.976547,-21979.488386,43370.747725
25 Jul 2040 08:11:12.377,-97419.302527,-23632.490135,42427.692910
25 Jul 2040 10:48:50.507,-96972.142195,-25623.189826,41141.977624
25 Jul 2040 14:06:58.049,-95996.215414,-28015.030406,39350.660412
25 Jul 2040 17:11:43.784,-94664.418004,-30122.658548,37507.037965
25 Jul 2040 20:16:40.604,-92914.463729,-32099.644908,35496.314678
25 Jul 2040 23:36:37.014,-90539.267478,-34069.364855,33138.018125
26 Jul 2040 02:42:40.238,-87860.501354,-35726.099752,30771.791640
26 Jul 2040 05:42:36.522,-84819.886735,-37145.348413,28325.667793
26 Jul 2040 08:33:15.976,-81505.358577,-38302.738034,25861.740381
26 Jul 2040 11:11:10.663,-78042.403402,-39187.652715,23456.050971
26 Jul 2040 13:37:44.190,-74465.608227,-39826.799946,21114.164308
26 Jul 2040 15:53:39.688,-70814.442410,-40241.010984,18847.439775
26 Jul 2040 17:59:10.751,-67136.555387,-40449.481481,16672.679928
26 Jul 2040 19:54:46.779,-63469.223710,-40472.778416,14600.143558
26 Jul 2040 21:41:08.620,-59838.980010,-40331.028975,12634.279261
26 Jul 2040 23:18:46.157,-56273.618626,-40043.658755,10780.607027
27 Jul 2040 00:48:06.206,-52799.230117,-39629.976639,9043.748260
27 Jul 2040 02:09:42.982,-49433.464065,-39108.208817,7424.143306
27 Jul 2040 03:24:07.210,-46192.231747,-38495.870201,5921.624365
27 Jul 2040 04:31:47.765,-43089.094151,-37809.766359,4535.070892
27 Jul 2040 05:33:10.342,-40136.672617,-37066.349684,3263.017087
27 Jul 2040 06:22:57.080,-37638.141133,-36367.582036,2222.756114
27 Jul 2040 07:07:47.579,-35301.927243,-35655.550993,1280.597311
27 Jul 2040 07:47:35.091,-33156.457608,-34950.689040,441.881991
27 Jul 2040 08:21:30.143,-31270.718504,-34289.880439,-273.820047
27 Jul 2040 08:46:33.472,-29842.210821,-33762.938156,-802.271398
27 Jul 2040 09:11:44.251,-28374.825376,-33197.386762,-1332.476731
27 Jul 2040 09:42:47.171,-26519.459109,-32446.062803,-1984.012100
27 Jul 2040 10:14:52.278,-24546.012486,-31600.856257,-2653.041067
27 Jul 2040 10:46:58.858,-22510.548360,-30677.002231,-3315.990268
27 Jul 2040 11:18:24.762,-20455.857902,-29687.792453,-3955.732200
27 Jul 2040 11:48:44.956,-18410.848135,-28643.108330,-4561.166052
27 Jul 2040 12:17:44.011,-16396.852254,-27551.330402,-5124.665677
27 Jul 2040 12:44:36.554,-14474.000756,-26445.914898,-5629.854212
27 Jul 2040 13:09:25.071,-12649.516552,-25335.013413,-6076.915007
27 Jul 2040 13:32:20.329,-10920.005738,-24220.794564,-6468.883498
27 Jul 2040 13:53:32.484,-9281.698505,-23104.780626,-6808.670025
27 Jul 2040 14:13:10.884,-7730.816696,-21988.049670,-7098.958486
27 Jul 2040 14:31:24.131,-6263.629033,-20871.263229,-7342.189692
27 Jul 2040 14:48:20.143,-4876.499332,-19754.688425,-7540.545786
27 Jul 2040 15:04:06.230,-3565.909328,-18638.196306,-7695.936543
27 Jul 2040 15:18:49.122,-2328.543689,-17521.307882,-7809.975554
27 Jul 2040 15:32:35.027,-1161.333508,-16403.206986,-7883.962483
27 Jul 2040 15:43:46.149,-208.629468,-15436.796725,-7916.358790
27 Jul 2040 15:54:58.531,746.544308,-14411.344967,-7919.416515
27 Jul 2040 16:05:05.529,1606.087329,-13432.001972,-7892.734125
27 Jul 2040 16:14:14.725,2378.136564,-12498.478186,-7840.733178
27 Jul 2040 16:22:43.104,3084.623948,-11591.290300,-7765.597975
27 Jul 2040 16:30:37.104,3732.811025,-10705.888978,-7669.041294
27 Jul 2040 16:38:01.685,4328.056468,-9838.981331,-7552.360550
27 Jul 2040 16:45:01.061,4874.758211,-8987.589905,-7416.477469
27 Jul 2040 16:51:38.887,5376.540394,-8148.935074,-7261.981927
27 Jul 2040 16:57:58.366,5836.340741,-7320.415946,-7089.171117
27 Jul 2040 17:04:02.349,6256.492878,-6499.566410,-6898.072920
27 Jul 2040 17:09:13.409,6596.474176,-5778.114398,-6713.654267
27 Jul 2040 17:13:28.861,6860.608634,-5172.324178,-6546.809117
27 Jul 2040 17:17:45.498,7110.638021,-4552.188271,-6364.572393
27 Jul 2040 17:22:45.241,7381.052692,-3814.217329,-6132.466711
27 Jul 2040 17:27:54.511,7632.989689,-3038.872087,-5870.527916
27 Jul 2040 17:33:05.597,7855.761529,-2246.817486,-5583.505054
27 Jul 2040 17:38:13.902,8043.414139,-1452.390570,-5275.513758
27 Jul 2040 17:43:17.521,8193.484536,-663.775375,-4949.429197
27 Jul 2040 17:48:16.242,8305.433748,115.009302,-4607.039983
27 Jul 2040 17:53:10.917,8379.610627,882.746373,-4249.175537
27 Jul 2040 17:58:03.040,8416.577724,1639.985708,-3875.865783
27 Jul 2040 18:02:54.464,8416.707106,2388.255030,-3486.524657
27 Jul 2040 18:05:42.528,8400.106484,2815.260721,-3254.974461
27 Jul 2040 18:08:28.422,8371.867033,3232.784424,-3021.818730
27 Jul 2040 18:11:07.299,8333.925341,3628.449163,-2794.586909
27 Jul 2040 18:14:08.373,8277.919239,4073.808658,-2531.342272
27 Jul 2040 18:18:22.877,8176.848050,4688.606133,-2154.596061
27 Jul 2040 18:23:13.166,8031.011236,5372.228786,-1716.877567
27 Jul 2040 18:28:06.334,7852.617081,6041.836138,-1268.158663
27 Jul 2040 18:33:02.325,7643.090249,6695.279712,-810.358001
27 Jul 2040 18:37:59.720,7405.295690,7327.959468,-347.479381
27 Jul 2040 18:42:54.242,7145.371225,7930.398297,112.096214
27 Jul 2040 18:46:48.730,6922.698648,8392.733617,477.826849
27 Jul 2040 18:50:42.669,6687.959117,8838.740067,841.840123
27 Jul 2040 18:55:46.895,6365.772551,9396.223570,1313.005634
27 Jul 2040 19:01:27.579,5984.974783,9990.914498,1836.468805
27 Jul 2040 19:07:20.077,5571.866422,10574.353961,2372.232071
27 Jul 2040 19:13:22.315,5130.262232,11141.531333,2915.544247
27 Jul 2040 19:19:36.351,4659.171824,11694.412098,3467.984718
27 Jul 2040 19:26:04.245,4157.377344,12234.548252,4031.045497
27 Jul 2040 19:32:48.106,3623.445545,12763.156670,4606.165221
27 Jul 2040 19:39:50.096,3055.782374,13281.130031,5194.704171
27 Jul 2040 19:47:12.472,2452.629110,13789.093963,5797.976176
27 Jul 2040 19:55:01.590,1806.572389,14291.545430,6422.487179
27 Jul 2040 20:03:24.890,1108.627492,14792.478203,7075.364211
27 Jul 2040 20:12:26.145,355.036112,15290.896073,7758.200646
27 Jul 2040 20:22:09.785,-458.548587,15785.785275,8472.911420
27 Jul 2040 20:32:40.702,-1336.722889,16275.827709,9221.393254
27 Jul 2040 20:44:04.297,-2284.316933,16759.378898,10005.504420
27 Jul 2040 20:56:26.458,-3306.275654,17234.402043,10826.963518
27 Jul 2040 21:09:53.534,-4407.531057,17698.426139,11687.255913
27 Jul 2040 21:24:32.207,-5592.739543,18148.480681,12587.452153
27 Jul 2040 21:40:23.674,-6858.524942,18578.680661,13522.592442
27 Jul 2040 21:57:17.805,-8186.476288,18979.746900,14477.502409
27 Jul 2040 22:15:17.196,-9575.265348,19349.510598,15450.306995
27 Jul 2040 22:34:23.309,-11021.983358,19685.675308,16438.176593
27 Jul 2040 22:54:36.877,-12522.808798,19986.147918,17437.874521
27 Jul 2040 23:15:57.700,-14072.890488,20249.100347,18445.723442
27 Jul 2040 23:38:24.306,-15666.103004,20473.026416,19457.497525
28 Jul 2040 00:01:53.379,-17294.585561,20656.807711,20468.197622
28 Jul 2040 00:26:18.831,-18947.967769,20799.815311,21471.669153
28 Jul 2040 00:51:30.103,-20611.889752,20902.070711,22459.854305
28 Jul 2040 01:17:08.218,-22264.372098,20964.521127,23420.895571
28 Jul 2040 01:42:34.908,-23865.534113,20989.681413,24333.692458
28 Jul 2040 02:05:53.693,-25299.895371,20983.925527,25136.672981
28 Jul 2040 02:30:34.724,-26786.000050,20950.799673,25954.483908
28 Jul 2040 02:59:52.442,-28508.127604,20879.016073,26884.798176
28 Jul 2040 03:32:35.742,-30380.802537,20761.621114,27875.967409
28 Jul 2040 04:08:44.146,-32389.949982,20591.565863,28916.413958
28 Jul 2040 04:48:20.177,-34524.073288,20362.406197,29996.323538
28 Jul 2040 05:31:31.600,-36775.903019,20067.815881,31108.318370
28 Jul 2040 06:18:29.219,-39139.911274,19701.491016,32246.010698
28 Jul 2040 07:09:26.069,-41611.274698,19257.087188,33403.387350
28 Jul 2040 08:04:37.040,-44185.287770,18728.182258,34574.460644
28 Jul 2040 09:04:18.645,-46856.934161,18108.265420,35753.021779
28 Jul 2040 10:08:48.881,-49620.553884,17390.744442,36932.457502
28 Jul 2040 11:18:26.755,-52469.302437,16569.046545,38105.498624
28 Jul 2040 12:33:32.526,-55395.144353,15636.611031,39264.212454
28 Jul 2040 13:54:28.430,-58389.077432,14586.771672,40400.067465
28 Jul 2040 15:21:37.619,-61440.184725,13413.026392,41503.540819
28 Jul 2040 16:55:23.888,-64535.298730,12109.190400,42564.009248
28 Jul 2040 18:36:13.401,-67659.698488,10669.089113,43569.980734
28 Jul 2040 20:24:26.583,-70792.848931,9088.627833,44507.777630
28 Jul 2040 22:20:27.745,-73913.422573,7363.663864,45363.250534
29 Jul 2040 00:24:51.823,-77001.163295,5488.362475,46121.969353
29 Jul 2040 02:38:08.042,-80028.924972,3459.417598,46766.946731
29 Jul 2040 05:00:21.068,-82957.261886,1281.195990,47278.276747
29 Jul 2040 07:31:43.413,-85747.908719,-1042.269091,47636.541176
29 Jul 2040 10:13:24.799,-88374.512294,-3519.749091,47822.345027
29 Jul 2040 13:05:54.232,-90790.422903,-6147.286120,47811.513170
29 Jul 2040 16:06:31.486,-92909.332666,-8870.841180,47583.667053
29 Jul 2040 19:15:42.866,-94693.017819,-11681.962313,47121.707301
29 Jul 2040 22:35:05.141,-96103.482369,-14586.387692,46401.267725
30 Jul 2040 01:33:01.737,-96963.998944,-17118.670964,45565.517212
30 Jul 2040 04:26:32.352,-97446.133316,-19524.969419,44582.645734
30 Jul 2040 07:05:18.849,-97580.635598,-21665.690664,43542.687570
30 Jul 2040 09:49:20.355,-97412.306324,-23808.906648,42331.134095
30 Jul 2040 13:00:28.335,-96820.759453,-26209.181644,40747.626134
30 Jul 2040 16:09:32.735,-95812.772749,-28469.130199,39003.067256
30 Jul 2040 19:22:43.900,-94341.127071,-30646.818193,37040.650001
30 Jul 2040 22:26:00.230,-92522.439350,-32575.577071,35012.815974
31 Jul 2040 01:44:08.441,-90078.558574,-34492.060719,32639.838351
31 Jul 2040 04:50:55.344,-87302.092391,-36117.800536,30231.390339
31 Jul 2040 07:48:55.705,-84208.478226,-37481.965237,27780.965201
31 Jul 2040 10:36:50.403,-80867.873783,-38580.749815,25330.008328
31 Jul 2040 13:12:46.657,-77375.807308,-39415.311604,22931.640578
31 Jul 2040 15:37:21.999,-73780.426603,-40007.082972,20601.772190
31 Jul 2040 17:51:36.456,-70112.805837,-40377.814653,18346.545467
31 Jul 2040 19:55:11.601,-66435.016743,-40545.644780,16191.410057
31 Jul 2040 21:49:02.665,-62771.655241,-40532.278732,14138.884025
31 Jul 2040 23:33:41.800,-59152.966498,-40357.736379,12195.537825
1 Aug 2040 01:09:44.000,-55603.170845,-40041.333633,10364.919733
1 Aug 2040 01:51:45.133,-53976.425874,-39850.397292,9549.977527

